ID,attendance,runs,hours,win
0,40030,7,3.216666667,1
1,21621,5,2.383333333,1
2,12622,6,3.183333333,1
3,18531,4,2.883333333,0
4,18572,7,2.65,0
5,28386,12,3.5,0
6,12757,5,3.116666667,1
7,28329,3,2.6,0
8,26049,11,3.45,1
9,10478,9,3.466666667,0
10,47820,8,3.283333333,0
11,24123,3,2.483333333,0
12,36911,15,3.783333333,0
13,13468,10,3,0
14,45229,7,2.85,0
15,13371,5,3.083333333,0
16,24318,13,3.75,0
17,40638,5,3.083333333,0
18,43332,10,2.983333333,1
19,26271,11,3.283333333,0
20,40882,8,3.05,1
21,21203,8,2.683333333,0
22,21226,17,3.433333333,1
23,34898,9,3.116666667,1
24,19400,3,2.2,1
25,27938,9,2.716666667,1
26,16783,7,2.833333333,0
27,14160,9,2.95,1
28,45432,5,2.533333333,0
29,41432,16,4.583333333,0
30,21585,7,2.85,0
31,21078,11,2.35,1
32,16112,7,2.716666667,1
33,12777,6,2.683333333,0
34,14706,7,2.966666667,0
35,37168,7,3.2,0
36,21810,5,2.6,1
37,46268,7,2.733333333,1
38,16497,16,2.933333333,0
39,24333,12,3.4,0
40,31453,4,2.766666667,0
41,12996,2,2.616666667,1
42,41266,9,3.783333333,1
43,14832,5,2.666666667,1
44,30250,8,3.183333333,1
45,17503,7,3.4,1
46,44954,5,2.85,0
47,21671,10,2.65,1
48,20674,7,2.983333333,0
49,22735,1,2.916666667,0
50,18208,19,3.433333333,1
51,41357,22,3.35,1
52,27217,6,2.566666667,0
53,42933,7,2.783333333,0
54,37053,5,3.233333333,0
55,28755,11,3.7,0
56,23809,3,2.666666667,1
57,24135,3,2.833333333,0
58,39077,7,3.316666667,0
59,24749,11,3.55,0
60,28181,19,3.35,1
61,49271,1,2.116666667,1
62,40164,7,3.066666667,0
63,34279,15,3.283333333,1
64,40087,1,2.516666667,0
65,42338,10,3.383333333,1
66,41590,3,4.333333333,1
67,41028,9,2.866666667,0
68,47822,10,3.15,1
69,21719,7,3.333333333,0
70,31559,5,3.45,0
71,35551,15,3.233333333,0
72,17302,7,2.683333333,0
73,27567,20,3.633333333,0
74,40471,13,3.533333333,1
75,28049,9,2.966666667,1
76,29862,7,2.533333333,1
77,15230,7,3.083333333,1
78,14604,9,3.116666667,0
79,34579,13,3.683333333,0
80,22230,5,2.616666667,1
81,34264,8,2.75,0
82,35291,1,2.933333333,1
83,46716,12,3.016666667,1
84,33132,6,2.75,1
85,38712,7,2.8,1
86,17803,13,3.116666667,1
87,37479,13,2.916666667,1
88,33148,13,3.816666667,0
89,30488,1,2.65,1
90,27869,13,3.866666667,0
91,27257,8,3,0
92,28235,11,3.216666667,0
93,36239,5,2.516666667,1
94,29396,12,2.8,0
95,20017,5,2.883333333,0
96,28724,3,2.55,0
97,30304,12,3.433333333,0
98,20435,11,3.166666667,0
99,24020,5,2.983333333,0
100,37354,6,3.116666667,0
101,40987,13,3.333333333,0
102,43683,20,3.266666667,1
103,41280,12,2.55,1
104,26176,3,2.45,1
105,11399,10,2.85,0
106,30861,11,3.666666667,1
107,38391,4,2.566666667,0
108,23826,6,3.05,1
109,36162,10,2.85,0
110,14885,8,3.083333333,0
111,38700,2,2.633333333,0
112,32480,24,3.566666667,1
113,13554,7,3.366666667,0
114,45565,17,3.633333333,0
115,41363,7,3.366666667,1
116,36538,14,4.95,0
117,21764,3,2.6,0
118,28213,9,2.933333333,0
119,28080,15,2.733333333,0
120,11131,9,2.9,1
121,37422,9,2.416666667,1
122,21534,19,2.95,1
123,15983,6,2.816666667,0
124,39512,7,2.95,1
125,20557,20,3.333333333,1
126,19052,9,2.75,0
127,11345,6,2.55,1
128,34160,3,4.683333333,0
129,45453,11,2.65,1
130,41448,11,3.2,0
131,30145,8,2.85,1
132,19901,8,3.65,0
133,34971,9,2.966666667,1
134,18792,13,3.066666667,0
135,22980,7,3.066666667,0
136,24678,16,2.883333333,1
137,24516,5,2.933333333,0
138,20014,4,2.35,1
139,37696,4,2.816666667,0
140,41635,3,2.75,1
141,15337,5,2.683333333,1
142,31625,15,3.7,0
143,33568,14,3.25,0
144,36757,6,2.883333333,0
145,21885,9,2.933333333,1
146,42000,9,4.283333333,1
147,12239,5,4.633333333,1
148,42008,5,2.933333333,0
149,41811,11,2.933333333,1
150,20037,9,2.966666667,1
151,24753,9,2.85,0
152,10115,12,3.133333333,0
153,32117,13,3.1,1
154,33546,13,2.783333333,1
155,25078,8,3.083333333,0
156,40104,17,3.416666667,1
157,25032,11,2.8,1
158,22642,3,2.45,1
159,43776,7,3.583333333,1
160,29649,5,3.15,1
161,31497,6,2.65,1
162,21216,7,2.5,1
163,41058,9,3.033333333,0
164,37413,14,3.633333333,0
165,23785,9,2.716666667,1
166,41838,6,2.7,0
167,32291,10,2.483333333,0
168,33040,14,3.25,1
169,44840,5,4.466666667,0
170,25477,9,2.783333333,0
171,25221,18,3.116666667,0
172,32810,8,2.733333333,1
173,39875,16,3.316666667,1
174,26566,7,2.5,1
175,31760,13,3.216666667,1
176,38412,8,3.283333333,0
177,37188,11,3.233333333,0
178,18571,15,3.05,1
179,16600,3,2.85,0
180,18603,17,3.883333333,0
181,46608,7,3.183333333,1
182,27657,4,2.733333333,1
183,40899,10,5.433333333,0
184,25709,17,3.533333333,1
185,24098,14,3.216666667,0
186,41262,8,2.933333333,0
187,21144,5,2.9,1
188,37175,17,3.316666667,1
189,17091,19,3.166666667,0
190,25138,7,2.866666667,0
191,35917,11,2.533333333,1
192,14896,18,3.316666667,0
193,41444,7,3.116666667,0
194,43288,5,3.233333333,1
195,38861,6,2.6,1
196,18638,3,2.55,0
197,44840,5,2.65,1
198,41386,1,2.766666667,1
199,40550,13,4.083333333,1
200,37324,6,3.183333333,1
201,27510,9,2.683333333,1
202,48329,7,2.933333333,0
203,29447,9,3.833333333,1
204,39594,12,3.266666667,0
205,31328,10,3.05,0
206,41346,4,2.783333333,1
207,31144,10,2.766666667,0
208,34695,9,2.933333333,1
209,25304,17,3.533333333,0
210,30281,9,3,1
211,36806,15,3.25,1
212,37821,8,2.766666667,1
213,30747,5,3.016666667,1
214,47517,19,3.3,0
215,45477,9,2.933333333,0
216,35802,11,3.583333333,1
217,30436,7,2.366666667,1
218,46727,3,4.416666667,0
219,44643,7,2.933333333,1
220,,5,3.3,0
221,41743,8,3.483333333,1
222,31620,3,2.733333333,1
223,42207,9,3.15,0
224,27914,11,3.383333333,0
225,36663,8,3.316666667,1
226,25011,11,3.033333333,1
227,49540,6,3.4,0
228,34673,5,2.816666667,1
229,32850,9,2.65,1
230,41401,5,2.616666667,0
231,38236,14,3.666666667,0
232,43150,7,3.1,1
233,40419,5,2.8,1
234,35986,6,2.6,1
235,42272,5,3.116666667,0
236,41053,11,3.316666667,1
237,37699,18,3.416666667,1
238,28491,6,2.933333333,1
239,29370,21,4,0
240,34036,6,2.433333333,1
241,12161,8,2.95,0
242,42421,1,2.466666667,1
243,40354,10,2.866666667,1
244,27521,9,2.916666667,0
245,28882,5,3.066666667,1
246,38089,8,3.216666667,1
247,46330,8,2.816666667,0
248,31190,13,3,1
249,41479,7,3.016666667,0
250,23600,16,3.416666667,1
251,14073,9,2.316666667,1
252,24422,14,3.116666667,0
253,46459,9,2.85,1
254,24617,10,2.8,0
255,24553,11,3.383333333,0
256,21090,6,3.366666667,0
257,47438,6,2.95,0
258,27014,16,3.216666667,1
259,35840,5,3.016666667,0
260,30665,5,2.45,1
261,28184,11,3.65,1
262,20011,9,2.383333333,0
263,34422,23,3.05,0
264,30292,13,3.6,0
265,40256,7,2.916666667,0
266,41517,17,3.5,1
267,32103,17,3.816666667,1
268,29187,9,2.9,1
269,30599,9,2.25,1
270,34649,7,3.383333333,1
271,12982,9,3,1
272,32996,3,2.416666667,1
273,25474,8,3.433333333,0
274,17775,13,3.866666667,1
275,48609,10,3.633333333,0
276,25852,9,2.65,1
277,31357,6,2.833333333,1
278,25651,4,2.366666667,0
279,38134,9,3.233333333,0
280,26087,7,3.783333333,1
281,39722,4,2.716666667,1
282,46273,9,3.1,0
283,23768,9,2.566666667,1
284,12059,3,2.533333333,1
285,38002,5,3.116666667,0
286,12602,11,2.866666667,1
287,16775,19,3.416666667,1
288,21772,1,3.016666667,0
289,17175,12,3.466666667,0
290,21376,18,3.45,0
291,32040,5,3.116666667,0
292,20806,15,2.983333333,0
293,48911,6,3.533333333,0
294,25008,13,3.466666667,0
295,23002,21,3.183333333,1
296,24415,8,2.816666667,1
297,21441,5,2.95,1
298,13062,8,3.733333333,0
299,47841,7,3.4,1
300,32301,14,3.15,0
301,39146,13,3.666666667,0
302,28469,9,3.516666667,1
303,46953,16,3.383333333,0
304,42647,7,2.566666667,1
305,25015,5,2.633333333,0
306,24520,7,3.016666667,0
307,19385,5,2.983333333,0
308,30194,12,3.5,1
309,20173,9,3.116666667,0
310,22940,5,3.133333333,1
311,29932,9,3.133333333,0
312,30178,6,2.966666667,0
313,18179,7,4.716666667,1
314,33338,3,2.683333333,1
315,29318,11,3,0
316,30451,15,3.516666667,1
317,29137,15,3.516666667,1
318,20238,16,3.916666667,0
319,40823,9,3.216666667,1
320,37927,11,3.216666667,1
321,30094,9,2.733333333,1
322,33618,9,3.233333333,0
323,34224,7,3.183333333,0
324,47016,9,3.1,1
325,20543,3,2.866666667,0
326,28404,9,2.9,1
327,29513,11,4.6,1
328,26367,3,2.316666667,0
329,37873,15,3.666666667,1
330,22683,11,3.066666667,0
331,35364,9,2.8,1
332,23924,5,3.133333333,0
333,52320,7,3.65,1
334,29429,16,3.4,0
335,29480,11,3.166666667,1
336,29934,3,2.583333333,1
337,41359,12,3.25,1
338,24088,6,2.583333333,1
339,20556,6,2.883333333,0
340,33955,9,3.433333333,0
341,24741,9,2.6,0
342,41068,5,2.5,1
343,27368,10,2.65,0
344,19007,10,2.933333333,1
345,37661,8,3.416666667,1
346,41500,8,3.35,0
347,42651,8,2.85,1
348,30112,8,2.666666667,1
349,28730,17,3.6,1
350,38104,15,4.466666667,0
351,38116,12,3.483333333,0
352,41711,5,3.45,1
353,41706,9,3.266666667,0
354,41703,1,3.55,0
355,38172,6,4.066666667,0
356,38091,6,3.616666667,1
357,42386,5,2.6,1
358,54449,12,4.266666667,0
359,48800,3,2.616666667,0
360,54449,12,3.966666667,0
361,49142,6,3.016666667,1
362,54269,6,3.3,1
363,49507,6,3.383333333,0
364,42384,1,2.75,0
365,37870,3,2.733333333,1
366,42376,12,3.616666667,1
367,37727,2,2.733333333,1
368,43936,7,4.533333333,0
369,43166,11,3.416666667,0
370,49617,11,3.733333333,1
371,43571,11,5.066666667,1
372,53901,11,4.2,0
373,39530,7,3.683333333,0
374,43826,7,3.916666667,1
375,49555,13,3.35,1
376,42392,7,3.05,1
377,43915,7,3.766666667,0
378,48019,8,3.5,0
379,37842,6,3.316666667,1
380,42148,1,2.5,1
381,47434,11,2.966666667,0
382,37762,9,3.55,1
383,44747,3,3.183333333,0
384,49934,7,3.416666667,1
385,37015,10,4,0
386,44615,14,3.2,1
387,41445,8,3.066666667,1
388,24856,5,2.566666667,0
389,36935,7,2.65,1
390,33277,7,2.533333333,0
391,29475,5,2.433333333,0
392,27762,10,3.383333333,0
393,32587,11,3.3,0
394,21904,9,3.016666667,0
395,36787,3,3.233333333,0
396,51220,1,2.783333333,1
397,31385,5,2.616666667,1
398,28083,9,2.7,1
399,31635,3,3.05,1
400,42093,5,2.65,0
401,43328,7,3.2,1
402,41320,3,2.25,1
403,29522,17,4.016666667,0
404,20225,8,3.016666667,0
405,33222,10,2.9,1
406,28569,9,3.366666667,0
407,32835,7,3.433333333,0
408,30970,11,3.133333333,1
409,25730,6,2.533333333,0
410,37396,7,3.483333333,0
411,40124,8,2.85,1
412,32811,14,2.766666667,1
413,32487,3,2.916666667,0
414,30857,11,3.133333333,0
415,35968,4,3,1
416,43070,7,2.7,1
417,21618,8,2.916666667,1
418,47791,4,2.583333333,0
419,38830,7,3.266666667,1
420,41275,9,3.25,1
421,19796,5,2.9,1
422,35804,13,3.633333333,0
423,19991,2,1.25,0
424,41597,6,3.283333333,1
425,29566,13,3.266666667,0
426,14792,8,3.25,0
427,32121,7,3.3,1
428,20577,3,1.916666667,0
429,44668,5,3.066666667,0
430,36619,13,2.983333333,1
431,36275,3,2.8,0
432,41426,2,2.916666667,0
433,29471,11,2.75,1
434,24138,12,3.083333333,1
435,35520,8,3.466666667,1
436,24335,7,2.95,0
437,23437,7,2.966666667,1
438,21187,16,3.2,0
439,26934,9,2.033333333,1
440,12976,1,2.166666667,1
441,22104,14,2.75,1
442,32524,14,3.3,1
443,24297,6,2.666666667,1
444,44762,6,2.65,1
445,29668,10,3.166666667,1
446,34286,17,3.283333333,1
447,41582,15,3.083333333,1
448,27376,8,3.033333333,1
449,22454,10,3.816666667,0
450,35161,10,3.15,1
451,21759,13,3.333333333,0
452,28435,7,3.75,1
453,23499,12,2.916666667,1
454,25696,12,3.016666667,1
455,14798,19,2.95,1
456,22348,13,3.033333333,1
457,27531,9,2.566666667,1
458,18707,18,3.35,0
459,44532,12,3.366666667,0
460,27263,11,2.85,0
461,34942,17,2.8,0
462,20519,14,3.566666667,0
463,26933,10,3.466666667,1
464,24107,7,3.866666667,0
465,24981,11,3.416666667,0
466,13665,8,3.066666667,1
467,47896,7,3.316666667,1
468,26443,5,4.016666667,0
469,28456,7,3.083333333,1
470,28924,17,4.016666667,0
471,17048,8,2.516666667,1
472,35093,17,3.533333333,1
473,22092,7,3.05,0
474,31776,6,2.683333333,0
475,51962,7,3.55,1
476,32958,5,2.383333333,1
477,33375,21,3.85,0
478,24118,3,2.766666667,0
479,40859,4,3.15,1
480,31229,3,2.716666667,1
481,47828,3,2.566666667,1
482,25641,10,3.166666667,0
483,31171,15,3.716666667,0
484,30137,7,3.466666667,0
485,16736,5,2.966666667,0
486,39995,18,3.783333333,0
487,24749,5,2.1,1
488,31398,7,3.016666667,0
489,26178,10,3.35,1
490,53299,15,3.066666667,1
491,27565,14,3.533333333,0
492,31721,11,3.833333333,0
493,32088,9,3.466666667,0
494,40785,14,3.316666667,0
495,40610,7,2.6,1
496,18937,14,3.033333333,1
497,40791,5,2.883333333,1
498,37815,5,4,1
499,13355,2,2.616666667,1
500,25789,3,2.916666667,0
501,35759,17,4.383333333,1
502,21599,6,3.166666667,0
503,18374,11,3.15,0
504,24582,4,2.65,1
505,22086,9,2.766666667,0
506,48344,11,2.933333333,1
507,20022,2,2.683333333,0
508,15253,7,2.666666667,1
509,26788,8,3.316666667,0
510,35609,9,2.766666667,0
511,12192,16,3.1,0
512,39595,3,4.383333333,1
513,22110,5,2.833333333,0
514,21703,11,2.716666667,1
515,11197,11,3.216666667,0
516,32187,7,3.283333333,0
517,25482,5,2.85,0
518,17836,11,3.166666667,0
519,45983,12,3.05,1
520,26099,12,2.716666667,1
521,13888,7,3.333333333,1
522,40434,11,3.2,1
523,20865,6,2.916666667,0
524,26520,9,3.366666667,1
525,12732,8,2.816666667,0
526,33573,12,3.55,0
527,34319,7,2.95,1
528,16096,13,3.333333333,1
529,12139,3,3.016666667,0
530,30761,9,3.466666667,0
531,23395,9,2.766666667,0
532,20829,9,3.133333333,0
533,17961,1,2.183333333,1
534,53621,2,3.6,0
535,28665,15,3.35,0
536,13623,3,2.75,1
537,40586,7,2.966666667,1
538,20387,7,3.233333333,0
539,29068,5,3,1
540,34809,5,3.05,0
541,20250,5,2.766666667,1
542,10072,6,2.683333333,0
543,29665,10,3.183333333,0
544,17214,7,2.833333333,1
545,43435,3,2.966666667,1
546,31502,11,2.583333333,1
547,26783,8,3.016666667,0
548,39251,7,2.7,1
549,18456,7,2.55,0
550,41324,3,2.816666667,0
551,25383,10,2.55,1
552,20059,9,3.266666667,0
553,28926,5,2.966666667,1
554,34982,13,3.066666667,1
555,25811,9,3.333333333,1
556,21382,14,3.633333333,0
557,19597,11,2.866666667,1
558,41286,4,2.616666667,0
559,37306,9,3.516666667,1
560,28427,3,3.016666667,1
561,37296,8,2.6,1
562,26159,19,4.483333333,1
563,36270,4,3.416666667,1
564,39691,13,2.866666667,0
565,41403,5,2.883333333,0
566,32304,3,2.55,0
567,24597,8,2.7,1
568,36941,5,4.25,1
569,34805,5,2.6,1
570,34724,8,2.883333333,1
571,26654,1,3.883333333,1
572,24397,10,3.483333333,0
573,17226,14,3.333333333,0
574,40956,14,3.033333333,0
575,37267,11,3.6,1
576,27823,7,3,0
577,36016,10,3.433333333,1
578,38255,8,3.2,0
579,39195,7,3.133333333,1
580,30486,13,3.033333333,1
581,41278,10,2.95,1
582,28211,5,3.533333333,0
583,42159,5,3.25,0
584,41210,8,2.55,1
585,15247,17,2.9,0
586,32176,19,3.316666667,0
587,26932,6,3.066666667,0
588,41362,9,3.166666667,0
589,14190,3,3.2,1
590,37767,12,3.866666667,1
591,19233,13,3.45,0
592,27126,10,2.65,1
593,37559,9,3.25,0
594,29669,1,2.5,1
595,41001,9,2.966666667,0
596,44701,7,2.616666667,0
597,41183,4,2.85,0
598,16112,8,2.95,1
599,30254,2,2.95,0
600,30006,8,2.933333333,0
601,25041,12,3.133333333,1
602,27953,15,2.9,1
603,14368,7,3.016666667,0
604,15808,7,2.8,0
605,37973,1,2.583333333,0
606,21498,12,3.066666667,0
607,19801,17,3.816666667,1
608,33501,3,3.016666667,0
609,25796,7,3.366666667,0
610,38338,8,3.166666667,0
611,44060,6,2.85,1
612,41231,10,3.45,0
613,16190,8,3.2,0
614,32615,3,3.033333333,1
615,29523,9,2.933333333,0
616,22133,5,2.383333333,0
617,26393,9,2.8,0
618,12926,10,2.583333333,1
619,15588,9,2.616666667,1
620,38041,9,3.483333333,0
621,20125,12,3.4,0
622,20897,15,3.466666667,1
623,32139,8,2.616666667,0
624,22832,9,3.133333333,1
625,35333,5,2.216666667,1
626,43397,5,2.283333333,0
627,41233,4,2.9,0
628,15514,8,3.3,1
629,32058,10,3.216666667,0
630,31061,19,3.383333333,0
631,22147,7,3.8,0
632,28093,6,3.066666667,1
633,14671,3,2.533333333,1
634,12588,15,3.5,1
635,37551,14,2.666666667,1
636,18271,19,3.583333333,1
637,20637,21,3.7,1
638,31805,5,2.816666667,1
639,47816,19,3.766666667,0
640,44703,3,2.55,0
641,25133,5,3.05,0
642,26744,8,2.933333333,0
643,13610,5,2.866666667,0
644,33087,6,2.966666667,0
645,20301,8,3.216666667,0
646,20188,3,2.433333333,1
647,31939,14,3.116666667,0
648,33069,4,3.383333333,0
649,20107,2,2.983333333,0
650,32829,13,2.933333333,0
651,26008,8,3.316666667,0
652,35052,5,2.516666667,1
653,36152,3,3.083333333,1
654,47829,5,3.05,1
655,45440,6,2.65,1
656,23719,9,2.616666667,1
657,25918,15,3.6,0
658,18438,17,3.05,0
659,33460,6,2.566666667,1
660,23584,3,3.633333333,1
661,20933,5,2.866666667,0
662,41854,3,2.9,1
663,36634,14,3.083333333,0
664,20148,11,3.55,0
665,33841,2,2.566666667,0
666,32140,7,2.9,1
667,20653,9,3.183333333,1
668,28225,10,3.283333333,0
669,26492,13,5.383333333,0
670,42139,3,3.366666667,0
671,25412,5,2.8,0
672,40416,17,3.25,0
673,17493,9,3.366666667,1
674,26053,15,3.433333333,1
675,22288,5,2.466666667,1
676,27631,9,3.35,1
677,15275,17,3.233333333,1
678,19894,9,4.65,1
679,10537,13,3.416666667,1
680,15434,11,2.5,1
681,31662,9,3.016666667,0
682,21523,7,3.016666667,1
683,11866,5,3.183333333,1
684,30501,2,2.8,1
685,17972,11,3.133333333,1
686,23832,3,2.9,1
687,16592,6,2.866666667,1
688,44352,4,3.083333333,1
689,23961,11,3.266666667,1
690,12063,11,3.1,1
691,13936,9,3.483333333,0
692,13078,11,3.3,1
693,17161,16,3.633333333,1
694,12207,13,3.133333333,0
695,14615,17,3.733333333,0
696,30644,6,3.066666667,0
697,20369,16,3.6,0
698,12298,5,2.233333333,1
699,27532,13,3.35,1
700,22194,13,3.116666667,0
701,32888,17,2.816666667,1
702,16169,7,3,0
703,42457,7,2.816666667,1
704,22437,5,3.033333333,0
705,11023,7,3.05,0
706,13359,8,3.133333333,0
707,15155,2,2.9,1
708,26005,10,2.983333333,1
709,12256,10,2.583333333,0
710,23618,20,3.533333333,1
711,40446,3,3.016666667,1
712,26297,18,3.416666667,0
713,18149,17,3.733333333,0
714,42141,8,2.816666667,1
715,20992,16,3.4,0
716,43662,9,2.85,0
717,20849,8,2.9,0
718,41820,12,3.2,1
719,26574,6,2.4,1
720,18169,5,3.083333333,0
721,18653,8,3.933333333,0
722,46025,13,3.366666667,0
723,13884,8,3.3,0
724,24033,6,3,0
725,25318,10,3.166666667,0
726,21322,2,3.233333333,0
727,25139,1,2.65,1
728,30257,6,2.983333333,1
729,22595,24,4.766666667,0
730,46441,11,3.15,1
731,34616,11,3.316666667,0
732,31981,13,3.333333333,0
733,25910,11,3.716666667,1
734,26985,7,2.933333333,0
735,41293,5,4.383333333,1
736,31161,7,3.283333333,0
737,35538,16,3.45,1
738,14353,12,3.1,1
739,20357,13,2.9,0
740,26637,11,3.75,0
741,19453,10,3.45,0
742,30045,13,3,0
743,36118,4,3.216666667,1
744,22274,14,3.2,1
745,47590,6,2.583333333,1
746,39757,7,3.233333333,1
747,30280,13,3.183333333,0
748,27483,11,2.633333333,1
749,31118,10,3.166666667,1
750,41250,5,3.216666667,0
751,30855,2,3.033333333,1
752,35102,18,3.25,1
753,40818,3,2.616666667,1
754,24226,8,2.866666667,1
755,29330,10,3.416666667,0
756,20329,13,3.216666667,1
757,38536,9,2.9,1
758,22253,15,2.8,1
759,21309,15,3.016666667,1
760,41447,6,3.55,1
761,16503,3,2.833333333,0
762,33471,7,2.766666667,1
763,17645,4,2.55,1
764,22615,9,4.316666667,0
765,20033,7,2.716666667,1
766,32465,5,2.766666667,1
767,22683,18,3.6,0
768,24790,7,2.916666667,1
769,11811,12,2.75,1
770,38137,11,3.8,1
771,36786,14,3.166666667,1
772,16161,8,3.2,0
773,20899,9,3.366666667,1
774,34215,3,2.166666667,1
775,26950,15,3.383333333,1
776,41443,7,3.3,0
777,16378,5,2.7,0
778,32634,11,3.066666667,1
779,22918,3,3.133333333,0
780,22895,9,4.116666667,0
781,23114,4,2.466666667,1
782,27121,12,3.216666667,1
783,11937,9,3.166666667,1
784,38174,3,2.6,1
785,37083,7,3.183333333,0
786,16083,8,2.566666667,1
787,20309,10,2.916666667,1
788,33042,6,2.933333333,1
789,22972,9,3.3,1
790,16056,4,2.966666667,0
791,32188,3,3.5,1
792,18663,11,3.4,0
793,22859,13,3.283333333,1
794,18613,6,2.75,1
795,27201,7,3.333333333,1
796,24308,9,3.6,1
797,11327,1,3.316666667,1
798,38951,15,5.05,1
799,36948,13,3.183333333,1
800,15532,6,2.583333333,0
801,34161,11,2.85,1
802,28124,8,2.866666667,0
803,47444,15,3,1
804,35225,3,2.716666667,1
805,42239,11,2.716666667,0
806,41675,17,3.216666667,1
807,32033,6,3.133333333,0
808,37583,4,2.65,0
809,19883,4,2.6,0
810,44745,1,3.133333333,1
811,37484,14,3.233333333,0
812,28220,5,3.15,0
813,25538,5,2.5,1
814,37337,14,3.416666667,0
815,22624,13,2.95,1
816,27901,13,4.816666667,0
817,47485,15,3.1,1
818,44944,7,2.95,1
819,41607,5,2.866666667,0
820,41635,4,2.566666667,0
821,35832,13,3.116666667,1
822,38843,18,3.483333333,1
823,35925,15,3.35,0
824,20007,1,3.183333333,0
825,49522,5,3.133333333,1
826,36544,8,2.966666667,1
827,33115,5,3.283333333,0
828,27318,12,2.85,1
829,37933,11,3.05,1
830,34395,13,2.533333333,0
831,33433,13,3.066666667,1
832,42534,23,3.183333333,1
833,31853,13,3.283333333,0
834,40221,4,2.433333333,1
835,41283,7,2.85,1
836,31111,13,2.933333333,1
837,38423,18,2.85,1
838,40023,16,3.466666667,0
839,26437,13,2.816666667,0
840,20296,5,3.333333333,0
841,19045,7,3.216666667,0
842,53297,4,3.033333333,0
843,19072,13,3.1,1
844,18698,4,2.916666667,0
845,39100,18,3.466666667,0
846,44404,10,3.35,0
847,11896,7,3.683333333,1
848,40053,9,2.916666667,1
849,41536,5,3.3,0
850,30033,9,2.916666667,0
851,23717,9,2.933333333,0
852,12795,6,2.616666667,1
853,24309,13,3.066666667,0
854,26702,8,3.016666667,1
855,17894,3,2.583333333,1
856,43957,1,2.783333333,1
857,16100,11,2.733333333,0
858,15630,8,2.733333333,0
859,15376,19,4.766666667,1
860,46696,9,2.633333333,1
861,11249,3,3.15,0
862,40082,11,3.2,0
863,24628,6,2.75,0
864,33614,8,2.916666667,0
865,28760,8,2.533333333,1
866,13141,10,2.716666667,1
867,24379,11,2.75,0
868,21460,10,3.483333333,1
869,18513,1,2.833333333,0
870,46899,14,3.6,1
871,16668,3,2.65,1
872,18843,10,2.633333333,1
873,26697,9,3.2,1
874,18780,11,3.383333333,0
875,13576,8,3.216666667,0
876,24384,12,2.933333333,1
877,31707,6,3.316666667,0
878,24017,4,2.283333333,0
879,10114,1,2.483333333,0
880,20458,6,2.9,1
881,15690,27,4.033333333,0
882,31660,7,2.516666667,1
883,15789,17,3.3,1
884,17685,12,3.016666667,1
885,41377,2,2.416666667,0
886,35833,13,3.216666667,0
887,28150,10,2.5,1
888,28616,5,2.916666667,0
889,20127,9,3.116666667,0
890,31032,15,3.15,1
891,46206,15,3,1
892,26696,5,2.883333333,1
893,28752,4,2.916666667,0
894,23030,6,2.7,1
895,29734,8,2.533333333,0
896,25341,13,3.6,1
897,40309,2,2.65,1
898,16505,10,2.933333333,1
899,41125,14,3.35,0
900,29170,10,2.883333333,1
901,32599,3,2.866666667,0
902,37828,4,2.5,0
903,32288,6,2.933333333,1
904,29268,10,2.516666667,1
905,37886,5,2.6,0
906,48113,11,3.083333333,0
907,33604,11,3,0
908,29735,12,2.883333333,1
909,21178,8,2.55,1
910,39373,14,3.35,0
911,42421,20,3.433333333,0
912,44129,6,2.85,0
913,15109,8,2.933333333,0
914,41434,9,2.9,1
915,37758,13,3.35,1
916,26080,11,3.966666667,1
917,32357,11,3.6,0
918,20627,7,3.9,0
919,28463,9,3.733333333,1
920,36108,12,2.766666667,0
921,43950,13,3.783333333,1
922,14108,9,2.666666667,1
923,41407,15,3.35,1
924,20288,18,2.666666667,1
925,24099,10,3.533333333,0
926,37721,10,2.966666667,1
927,26743,8,2.9,1
928,10251,2,2.533333333,1
929,41139,11,3.35,0
930,21137,9,3.383333333,0
931,37736,11,2.783333333,0
932,27508,10,2.983333333,0
933,28790,5,2.783333333,0
934,25308,22,3.866666667,1
935,14371,17,3.5,0
936,13973,5,3.116666667,1
937,40310,7,2.833333333,1
938,26160,9,2.2,0
939,19304,13,3.4,0
940,18469,18,2.883333333,1
941,36950,7,3.616666667,0
942,21877,9,3.666666667,1
943,10793,16,3.3,1
944,41185,7,3.2,0
945,28118,20,3.5,0
946,31874,18,3.15,0
947,30438,13,3.1,0
948,28663,7,2.716666667,0
949,29209,8,2.9,1
950,13857,4,3.133333333,1
951,14440,9,2.566666667,1
952,39420,5,3.35,1
953,41148,4,3.2,1
954,26014,8,3.083333333,0
955,17611,6,3.466666667,0
956,20790,12,3.4,0
957,37546,13,3.05,1
958,22845,7,2.7,1
959,10417,10,2.833333333,1
960,41850,13,3.45,0
961,36015,1,2.916666667,1
962,29803,4,2.966666667,0
963,27818,9,3.433333333,0
964,19174,5,2.95,0
965,16918,9,3.683333333,0
966,17340,16,3.483333333,1
967,29107,10,2.766666667,1
968,47261,11,2.983333333,1
969,35458,7,2.433333333,0
970,41268,15,3.233333333,0
971,20068,13,3.55,1
972,21203,12,2.85,0
973,26612,6,2.783333333,1
974,41473,15,2.9,0
975,31730,15,3.116666667,0
976,30103,10,2.866666667,1
977,21401,9,2.816666667,1
978,43468,14,3.65,0
979,18979,9,2.783333333,1
980,41019,10,3.033333333,0
981,36842,18,2.816666667,1
982,38490,13,3.116666667,1
983,47505,6,2.583333333,1
984,37792,2,2.9,0
985,41456,8,2.983333333,1
986,23203,9,3.333333333,1
987,35067,7,2.966666667,0
988,36854,5,3.366666667,1
989,41682,12,2.666666667,1
990,30147,8,2.583333333,1
991,30357,16,3.483333333,0
992,20006,15,3.383333333,0
993,40563,12,3.9,1
994,30409,6,3.066666667,1
995,41278,12,2.833333333,0
996,37653,9,3.2,1
997,29089,13,3.25,0
998,40848,15,2.983333333,1
999,37555,13,2.883333333,1
1000,20720,21,4.05,0
1001,32071,4,2.616666667,1
1002,16610,15,3.166666667,0
1003,39271,9,2.866666667,0
1004,24935,12,2.766666667,0
1005,25960,22,3.033333333,0
1006,30167,14,3.316666667,1
1007,34310,3,2.416666667,1
1008,16652,18,3.166666667,1
1009,40597,7,3.916666667,1
1010,38161,6,3.033333333,0
1011,30185,11,2.866666667,1
1012,45501,7,3.016666667,1
1013,29866,9,3.45,1
1014,40019,5,2.7,1
1015,28742,4,3.1,1
1016,29623,4,2.95,0
1017,13481,1,2.4,1
1018,31277,5,4.05,0
1019,20035,7,2.833333333,1
1020,21096,1,3.066666667,0
1021,41098,8,3.283333333,0
1022,25188,5,4.566666667,1
1023,41015,4,2.833333333,1
1024,37779,13,4.25,0
1025,30978,4,2.916666667,0
1026,43134,11,2.933333333,0
1027,40113,11,2.95,0
1028,19713,11,4.85,1
1029,30269,10,3.233333333,1
1030,13573,3,2.416666667,1
1031,31884,8,3.066666667,0
1032,22261,12,3.066666667,0
1033,20048,3,2.883333333,0
1034,19636,2,2.966666667,1
1035,42859,12,3.283333333,1
1036,27134,12,3.083333333,0
1037,27671,12,3.233333333,0
1038,41227,6,2.366666667,1
1039,43812,12,3.216666667,1
1040,40616,9,3.166666667,1
1041,20002,3,2.5,1
1042,10407,5,2.483333333,1
1043,20978,4,2.3,1
1044,20976,7,3.516666667,0
1045,22806,15,5.566666667,0
1046,48370,13,2.833333333,1
1047,31768,7,3.066666667,0
1048,32790,1,2.716666667,1
1049,12649,9,3.483333333,0
1050,42960,9,2.95,0
1051,44812,4,2.516666667,1
1052,32710,11,3.216666667,0
1053,32947,10,3.283333333,0
1054,23450,4,2.883333333,0
1055,39720,5,2.916666667,1
1056,50640,13,3.383333333,1
1057,25830,8,2.65,1
1058,33909,8,3.95,0
1059,32074,4,2.833333333,0
1060,40875,17,3.483333333,0
1061,31040,12,2.883333333,0
1062,24021,12,3.516666667,1
1063,36404,8,3.483333333,0
1064,15603,10,3.15,1
1065,45468,18,3.35,0
1066,45618,14,3.016666667,1
1067,37453,16,3.283333333,1
1068,34259,8,2.633333333,1
1069,32358,4,2.933333333,0
1070,37264,7,2.983333333,0
1071,47696,3,2.9,1
1072,25182,9,2.933333333,0
1073,39252,20,3.65,1
1074,52728,9,2.816666667,0
1075,31831,7,2.666666667,0
1076,32820,5,2.233333333,1
1077,33032,7,2.916666667,1
1078,27888,8,3.4,0
1079,26553,12,3.316666667,0
1080,20008,5,3.9,1
1081,13120,5,2.7,1
1082,33369,5,3.783333333,0
1083,30229,5,3.5,0
1084,48153,5,2.766666667,0
1085,23190,5,2.683333333,0
1086,33023,9,2.833333333,0
1087,31117,6,3.133333333,0
1088,19193,11,3.266666667,1
1089,21119,7,2.55,1
1090,28762,8,2.433333333,0
1091,20527,7,2.916666667,1
1092,34196,14,3.9,0
1093,11149,12,2.983333333,1
1094,24494,4,2.266666667,1
1095,24124,15,3.033333333,1
1096,23162,9,4.05,1
1097,48339,14,3.033333333,1
1098,29399,4,2.516666667,0
1099,32526,3,2.583333333,1
1100,28682,14,2.516666667,1
1101,17176,18,3.383333333,0
1102,20771,9,2.983333333,0
1103,41147,9,3.316666667,1
1104,24552,5,2.433333333,1
1105,19281,12,3.416666667,1
1106,17086,11,2.983333333,0
1107,37306,14,3.25,1
1108,12625,5,3.066666667,0
1109,25240,9,2.5,1
1110,26152,5,3,0
1111,23351,21,3.266666667,1
1112,42819,8,2.65,1
1113,24399,3,2.666666667,0
1114,30316,16,3.116666667,1
1115,32607,10,3.466666667,1
1116,15835,16,3.55,0
1117,25270,12,3.366666667,1
1118,22230,6,2.716666667,1
1119,20633,8,3.333333333,0
1120,19919,14,3.3,0
1121,36052,9,2.75,1
1122,13976,3,2.616666667,0
1123,29601,3,2.7,0
1124,24009,10,3.766666667,1
1125,42125,11,3.783333333,0
1126,20623,3,4.083333333,1
1127,15018,17,3.2,0
1128,40937,5,2.783333333,1
1129,17518,15,3.383333333,0
1130,46792,8,3.783333333,0
1131,32806,8,2.366666667,1
1132,18109,8,3.016666667,1
1133,41795,4,3.2,1
1134,27436,5,3.15,0
1135,36279,10,3.1,1
1136,29670,10,2.65,1
1137,32405,6,3.066666667,1
1138,23666,9,2.7,1
1139,42380,17,3.716666667,1
1140,31043,11,2.983333333,1
1141,23739,8,2.716666667,1
1142,40952,13,4.3,1
1143,21545,3,2.716666667,1
1144,39553,8,3.533333333,0
1145,47305,10,2.866666667,1
1146,47125,3,2.683333333,1
1147,25883,9,2.783333333,1
1148,46112,11,2.75,1
1149,40008,11,2.833333333,1
1150,17856,6,2.966666667,1
1151,41959,5,3.25,0
1152,33509,6,2.95,0
1153,40035,7,3.116666667,0
1154,23983,3,3.7,1
1155,29442,4,2.75,1
1156,27414,17,3.05,0
1157,50966,16,3.4,1
1158,31771,20,3.083333333,1
1159,33134,8,2.983333333,1
1160,40951,13,3.133333333,1
1161,27732,3,2.716666667,1
1162,39113,8,2.5,0
1163,36008,5,2.433333333,1
1164,42001,6,3.466666667,0
1165,38292,3,3.216666667,0
1166,22569,8,3,1
1167,33971,10,2.833333333,1
1168,25060,9,2.466666667,0
1169,41157,4,2.85,1
1170,22785,12,3.416666667,0
1171,41257,3,3.083333333,1
1172,47301,12,2.7,0
1173,29630,10,2.733333333,0
1174,42079,3,2.383333333,0
1175,35483,11,2.683333333,1
1176,37851,9,3.116666667,0
1177,29482,16,3.316666667,0
1178,22581,9,2.933333333,0
1179,32403,12,2.95,1
1180,43576,4,3.116666667,0
1181,30279,12,3.25,1
1182,35186,5,2.633333333,1
1183,26607,5,3.183333333,0
1184,41166,9,2.85,1
1185,37842,7,2.916666667,0
1186,20324,4,2.8,0
1187,45515,13,3.966666667,1
1188,25272,9,3.016666667,0
1189,41896,16,3.333333333,1
1190,30969,11,3.133333333,0
1191,37116,4,2.55,1
1192,26690,2,2.383333333,0
1193,24074,13,3.583333333,1
1194,20365,5,2.683333333,1
1195,46960,5,2.916666667,1
1196,28026,13,3.066666667,0
1197,28134,9,3.05,0
1198,23711,13,3.283333333,1
1199,39553,3,2.916666667,1
1200,38378,17,3.55,0
1201,23677,9,2.733333333,0
1202,41483,6,2.683333333,1
1203,27292,13,2.966666667,1
1204,42147,12,3.083333333,0
1205,25347,9,3.15,1
1206,19465,4,3.05,0
1207,33828,8,3.083333333,0
1208,30628,3,2.683333333,0
1209,39510,9,3.383333333,1
1210,37479,6,3.45,0
1211,19361,5,3.233333333,1
1212,30663,16,3.533333333,0
1213,47488,2,2.35,1
1214,41423,15,3.816666667,0
1215,32439,9,3.133333333,1
1216,17642,5,2.35,1
1217,34143,7,3.1,1
1218,43310,11,4.133333333,0
1219,25004,3,2.833333333,0
1220,32739,3,3.05,0
1221,32721,16,3,1
1222,26841,9,3.15,1
1223,32132,11,3.233333333,0
1224,35119,9,2.883333333,1
1225,46195,12,3.033333333,1
1226,23963,7,3,1
1227,32527,7,3.25,1
1228,37600,20,4.183333333,0
1229,31946,7,2.866666667,1
1230,31618,8,2.966666667,0
1231,46737,3,2.683333333,0
1232,41915,7,5.166666667,1
1233,33703,4,2.633333333,0
1234,15250,1,3.516666667,1
1235,45304,5,3.283333333,1
1236,42243,7,3.116666667,0
1237,23661,8,3.116666667,0
1238,33535,4,2.733333333,1
1239,36453,3,3.033333333,1
1240,35880,7,3.3,1
1241,24252,8,3.25,1
1242,22611,12,3.583333333,0
1243,37001,3,3,0
1244,39358,6,2.866666667,1
1245,38586,9,3.583333333,0
1246,40134,11,3.3,1
1247,35978,8,2.783333333,1
1248,27839,12,2.95,0
1249,14412,10,2.766666667,0
1250,42476,5,2.866666667,0
1251,36527,10,3.066666667,1
1252,24938,3,2.133333333,0
1253,37566,15,2.75,1
1254,34050,9,2.95,1
1255,41012,5,3.05,1
1256,40184,6,2.533333333,1
1257,39985,11,3.2,1
1258,36717,14,3.716666667,0
1259,20654,5,2.616666667,1
1260,20231,7,3.1,0
1261,35681,5,2.666666667,1
1262,33455,15,3.266666667,0
1263,35020,5,3.083333333,0
1264,31456,14,3.45,0
1265,22091,9,2.55,1
1266,41210,8,2.816666667,1
1267,38201,18,3.766666667,1
1268,20076,14,2.866666667,0
1269,37095,11,2.866666667,1
1270,38747,12,3.233333333,0
1271,24851,7,3,0
1272,27106,5,2.816666667,1
1273,18347,3,3.433333333,0
1274,15143,7,3.683333333,1
1275,31192,8,2.85,1
1276,32030,8,2.916666667,0
1277,33061,11,2.9,0
1278,23080,9,3.633333333,0
1279,41456,3,3.066666667,0
1280,38082,4,2.7,1
1281,26626,6,2.966666667,0
1282,36368,14,3.016666667,1
1283,40137,12,2.916666667,1
1284,20598,7,2.35,1
1285,19115,5,3.083333333,0
1286,10651,11,3.1,1
1287,31102,3,2.95,1
1288,38042,10,2.85,1
1289,29290,1,2.433333333,1
1290,30601,11,3.2,1
1291,21989,10,3.183333333,1
1292,41353,6,2.933333333,1
1293,36020,14,3.05,1
1294,32775,3,5.8,0
1295,16161,7,2.533333333,1
1296,43046,9,3.05,0
1297,27322,9,2.916666667,0
1298,35784,8,3.416666667,1
1299,30894,5,2.35,0
1300,21626,8,3.2,0
1301,42884,4,2.95,1
1302,25692,7,2.766666667,0
1303,37363,6,2.366666667,1
1304,23085,1,2.566666667,1
1305,41213,5,2.283333333,0
1306,18873,1,3.366666667,1
1307,29459,11,3.233333333,1
1308,36834,9,2.666666667,1
1309,28393,7,3.033333333,0
1310,38899,3,4.516666667,1
1311,39620,1,2.333333333,1
1312,36982,6,2.716666667,1
1313,17672,7,3,0
1314,42034,13,3.4,0
1315,29217,10,2.9,0
1316,38522,5,2.65,1
1317,28076,8,3.166666667,0
1318,19192,15,3.15,1
1319,47439,8,3.083333333,0
1320,27074,7,2.9,0
1321,37447,6,2.95,1
1322,30680,9,3.233333333,1
1323,41482,6,2.733333333,1
1324,27236,13,3.466666667,0
1325,30639,20,3.85,0
1326,42031,7,2.65,1
1327,47747,7,2.816666667,1
1328,31978,20,3.216666667,0
1329,42075,4,2.9,1
1330,37998,11,2.966666667,0
1331,35778,5,2.683333333,0
1332,42066,6,3,0
1333,22394,10,3.066666667,1
1334,42801,4,2.816666667,1
1335,27544,13,3.05,0
1336,28119,3,3.083333333,1
1337,32113,13,3.183333333,0
1338,29089,18,3.583333333,0
1339,29156,2,2.366666667,0
1340,36669,4,2.516666667,1
1341,32963,6,3.216666667,1
1342,47684,5,2.783333333,0
1343,37708,14,3.333333333,0
1344,41571,6,3.05,1
1345,37796,18,3.516666667,1
1346,36953,7,3.216666667,0
1347,37101,9,3.433333333,0
1348,23653,6,2.8,1
1349,48411,7,2.75,1
1350,30659,8,2.883333333,1
1351,35312,5,2.866666667,0
1352,48105,11,2.75,1
1353,32951,13,4.3,0
1354,23888,9,2.8,1
1355,36900,5,2.716666667,1
1356,43228,6,3.116666667,1
1357,40330,11,3.233333333,1
1358,41576,8,3.45,1
1359,35904,12,3.383333333,1
1360,35030,4,3.283333333,0
1361,28343,7,3.083333333,1
1362,22333,4,2.266666667,1
1363,43588,16,3.75,1
1364,33391,5,2.683333333,0
1365,31438,19,3.483333333,1
1366,42335,8,3.6,0
1367,34045,12,2.6,1
1368,26199,19,3.283333333,0
1369,37739,11,3.333333333,1
1370,44317,14,3.45,0
1371,46283,9,3.3,1
1372,43934,11,3.616666667,0
1373,14576,6,3.016666667,0
1374,42144,6,2.7,1
1375,37569,16,3.65,1
1376,44759,6,2.75,0
1377,31425,7,2.616666667,1
1378,20933,4,2.533333333,0
1379,35250,13,2.883333333,1
1380,23848,9,3,0
1381,41480,7,3.9,0
1382,26330,11,2.783333333,1
1383,39971,6,2.266666667,1
1384,11267,9,3.3,0
1385,42693,12,3.35,0
1386,42076,6,2.516666667,1
1387,19211,7,2.9,1
1388,26191,6,2.666666667,1
1389,41753,10,3.566666667,0
1390,18426,6,2.133333333,1
1391,29477,7,2.55,0
1392,16938,15,3.133333333,1
1393,45373,5,3.283333333,0
1394,21553,7,2.566666667,1
1395,19448,13,3.083333333,1
1396,41310,14,3.133333333,0
1397,20773,9,3.116666667,0
1398,35964,9,3.35,0
1399,14110,12,2.866666667,1
1400,29174,1,3.016666667,0
1401,36438,8,2.166666667,1
1402,14532,6,3.2,1
1403,41850,6,2.9,0
1404,41874,4,2.933333333,1
1405,19064,10,2.45,1
1406,30424,14,3.633333333,1
1407,23100,4,2.833333333,0
1408,47378,12,3.2,1
1409,29844,3,2.433333333,1
1410,34163,8,3.333333333,1
1411,41293,14,3.016666667,1
1412,30955,10,3.1,1
1413,36253,17,3.666666667,1
1414,39203,12,3.416666667,0
1415,37328,13,3.133333333,1
1416,45962,18,3.166666667,1
1417,13126,6,3.183333333,0
1418,41148,17,3.8,1
1419,31405,13,2.883333333,1
1420,42131,9,3.2,0
1421,20473,9,2.7,1
1422,21831,9,3.583333333,0
1423,36137,17,3.283333333,1
1424,26942,9,3.066666667,1
1425,41836,5,2.866666667,1
1426,30379,5,2.966666667,0
1427,36801,15,3.866666667,1
1428,12582,7,2.983333333,0
1429,26171,9,3.783333333,0
1430,35195,13,3.583333333,0
1431,46197,15,3.316666667,1
1432,17861,5,2.883333333,0
1433,40573,3,2.666666667,1
1434,29362,18,3.25,1
1435,42315,3,2.716666667,1
1436,40331,8,2.783333333,0
1437,28846,6,3.316666667,0
1438,41151,7,3.1,1
1439,21466,22,3.1,1
1440,35116,13,3.15,0
1441,36552,23,3.633333333,0
1442,23448,10,2.466666667,1
1443,30683,11,2.916666667,1
1444,27631,5,4.5,1
1445,45825,3,6.216666667,0
1446,13537,12,3.1,0
1447,42987,8,2.783333333,1
1448,33006,7,2.583333333,1
1449,41321,13,3.2,1
1450,30263,7,3.1,1
1451,15710,10,2.75,0
1452,34294,12,2.933333333,1
1453,25530,5,3.066666667,0
1454,43644,5,2.883333333,1
1455,31965,5,2.966666667,1
1456,37117,9,3.6,1
1457,32036,12,4.083333333,0
1458,24859,10,2.866666667,0
1459,29386,17,3.116666667,1
1460,41365,5,2.55,0
1461,10729,17,3.416666667,0
1462,44802,6,2.833333333,0
1463,23715,8,3.1,1
1464,36067,18,3.716666667,0
1465,40122,7,3.366666667,1
1466,39934,3,3.2,1
1467,33029,9,3.316666667,0
1468,26158,11,3.05,1
1469,16097,13,3.55,1
1470,33386,6,3.016666667,1
1471,24110,4,2.816666667,1
1472,36683,14,3.3,0
1473,29918,5,2.783333333,1
1474,16986,10,3.183333333,0
1475,41730,24,3.883333333,0
1476,24836,7,2.883333333,1
1477,31515,18,3.133333333,0
1478,32373,8,2.616666667,0
1479,33819,11,3.416666667,0
1480,32909,12,2.833333333,0
1481,30808,12,3,1
1482,33917,23,3.85,0
1483,35999,9,4.716666667,0
1484,22072,4,2.85,0
1485,19206,8,2.666666667,0
1486,19645,7,3.566666667,0
1487,38781,8,3.116666667,0
1488,33109,15,3.55,1
1489,18024,20,3.483333333,1
1490,41442,11,2.716666667,0
1491,26925,9,3.533333333,0
1492,32914,15,3.716666667,0
1493,31355,8,2.533333333,1
1494,36419,14,2.8,1
1495,31762,19,3.366666667,0
1496,15538,11,3.25,0
1497,22567,8,3.3,0
1498,36839,6,3.633333333,0
1499,36312,8,3.066666667,1
1500,41479,15,3.266666667,1
1501,35955,17,3.416666667,0
1502,32228,7,2.666666667,1
1503,38673,8,2.4,0
1504,30215,5,3.233333333,0
1505,27318,7,3.116666667,1
1506,36450,7,2.55,1
1507,36502,12,2.8,0
1508,32435,16,3.583333333,1
1509,40805,3,2.633333333,1
1510,28345,7,2.45,1
1511,38611,17,3.05,1
1512,20484,7,2.65,1
1513,36715,13,3.55,1
1514,47559,13,3.5,1
1515,41928,5,2.783333333,0
1516,40431,9,2.883333333,1
1517,33590,7,2.783333333,1
1518,40075,3,2.733333333,1
1519,30085,11,3.083333333,1
1520,29457,15,3.15,1
1521,38880,18,3.666666667,0
1522,39028,6,2.716666667,0
1523,33337,17,3.583333333,1
1524,40871,3,2.733333333,0
1525,25776,18,3.233333333,0
1526,18229,5,2.766666667,1
1527,40879,1,3.316666667,0
1528,40643,10,3.4,0
1529,46811,15,3.8,0
1530,42238,9,3.35,1
1531,35746,7,2.866666667,1
1532,28226,14,3.283333333,1
1533,44808,8,2.983333333,1
1534,32668,8,3.1,1
1535,24385,9,3.4,0
1536,36195,17,2.933333333,0
1537,37886,12,3.016666667,0
1538,35216,19,4.5,0
1539,40713,17,3.2,0
1540,27196,5,3.366666667,1
1541,44956,9,3.116666667,1
1542,25565,14,2.916666667,0
1543,41356,11,3.283333333,0
1544,29986,8,3.066666667,0
1545,30012,10,3.116666667,0
1546,25291,6,2.716666667,1
1547,35767,9,3.4,1
1548,36558,13,3.7,0
1549,20443,11,3.433333333,0
1550,37790,15,4.416666667,1
1551,22324,7,2.9,1
1552,36412,9,3.05,0
1553,46967,7,2.9,1
1554,32407,10,2.633333333,1
1555,33747,13,3.466666667,0
1556,13586,6,2.883333333,0
1557,35185,7,3.1,1
1558,27729,19,3.816666667,0
1559,14810,8,3.533333333,1
1560,40122,3,2.933333333,1
1561,34760,12,3.516666667,0
1562,25714,24,3.4,1
1563,19961,5,3.266666667,0
1564,42307,5,2.733333333,1
1565,25004,5,2.9,1
1566,30150,6,2.783333333,1
1567,15629,6,2.6,1
1568,41616,7,2.916666667,0
1569,36544,4,2.9,0
1570,23876,17,3.733333333,0
1571,35366,7,3.066666667,1
1572,27906,1,2.4,1
1573,22118,4,2.666666667,0
1574,18187,8,3.283333333,0
1575,44712,5,2.833333333,1
1576,22553,17,3.216666667,1
1577,27670,15,4.483333333,1
1578,13811,11,2.433333333,1
1579,41166,5,3,0
1580,36291,4,3.55,0
1581,17361,6,3.5,0
1582,44897,9,2.966666667,0
1583,32285,9,2.983333333,1
1584,40214,6,2.983333333,0
1585,22846,2,2.316666667,0
1586,41576,6,2.85,0
1587,29553,11,3,1
1588,24993,3,2.85,1
1589,45931,3,2.733333333,1
1590,34659,3,3.533333333,1
1591,36369,6,2.8,1
1592,25269,5,3.2,1
1593,41024,15,3.383333333,1
1594,37211,3,3.083333333,1
1595,39024,17,3.516666667,1
1596,23948,10,3.216666667,0
1597,44375,7,3.083333333,0
1598,34113,10,3.2,1
1599,33797,5,2.616666667,0
1600,32134,7,3.033333333,0
1601,30760,13,3.166666667,0
1602,19655,15,3.383333333,1
1603,44112,16,3.466666667,1
1604,38480,21,3.266666667,1
1605,39111,9,3.083333333,1
1606,31066,15,3,1
1607,41424,7,3,1
1608,37195,8,2.883333333,1
1609,41901,6,2.55,1
1610,40135,6,2.75,0
1611,44064,1,2.383333333,0
1612,31137,12,3.2,0
1613,19282,12,3.066666667,0
1614,24591,5,2.85,1
1615,40148,6,3.216666667,0
1616,23161,10,3.05,0
1617,19767,6,2.95,1
1618,44998,5,3.616666667,1
1619,37746,13,3.283333333,1
1620,37560,6,3.95,0
1621,27912,5,2.783333333,1
1622,41547,6,3.3,1
1623,35896,12,2.816666667,0
1624,38306,16,2.883333333,0
1625,11331,10,3.5,0
1626,22648,13,3.3,0
1627,22279,15,3.066666667,0
1628,14236,6,2.583333333,0
1629,33052,10,2.916666667,1
1630,23751,5,3,0
1631,44183,14,3.3,0
1632,40093,9,2.916666667,1
1633,20292,8,2.816666667,1
1634,36233,10,2.966666667,1
1635,14953,17,5.3,1
1636,27792,5,2.85,0
1637,36717,12,3.216666667,1
1638,41955,7,3.05,0
1639,47066,14,2.716666667,1
1640,11455,15,3.2,1
1641,42525,7,2.3,0
1642,41750,5,3.35,1
1643,22051,7,3,0
1644,13101,16,3.133333333,0
1645,35124,4,2.466666667,0
1646,29293,5,2.916666667,1
1647,46335,23,3.716666667,1
1648,17403,19,3.783333333,0
1649,38009,5,2.783333333,0
1650,13176,4,2.966666667,0
1651,23458,11,3.166666667,0
1652,36272,9,2.916666667,1
1653,37187,5,2.733333333,1
1654,35678,7,2.916666667,0
1655,41543,16,3.633333333,1
1656,20988,17,3.25,0
1657,13453,19,3.1,1
1658,31269,3,2.7,1
1659,16314,19,4.566666667,1
1660,13198,17,3.366666667,0
1661,21374,5,3.35,1
1662,36424,13,2.833333333,0
1663,34294,9,2.933333333,1
1664,47249,19,3.183333333,1
1665,11168,5,2.75,1
1666,41583,3,3.016666667,1
1667,39251,10,3.083333333,0
1668,31148,11,2.7,0
1669,47474,5,2.933333333,0
1670,26087,11,3.466666667,1
1671,32491,8,2.85,1
1672,32946,3,2.816666667,1
1673,24880,7,2.833333333,0
1674,30363,4,2.716666667,0
1675,27741,6,2.683333333,1
1676,36383,11,3.466666667,0
1677,38044,8,2.933333333,1
1678,47651,17,3.083333333,1
1679,19658,7,2.866666667,0
1680,41358,9,4,1
1681,36055,3,3.216666667,0
1682,36962,6,2.733333333,0
1683,38050,7,3.283333333,0
1684,28633,19,3.75,0
1685,38423,11,2.9,1
1686,29078,8,2.616666667,1
1687,32034,3,2.716666667,1
1688,31183,5,2.616666667,0
1689,43114,10,2.75,0
1690,33442,8,2.55,1
1691,38296,7,2.983333333,1
1692,37941,15,2.883333333,1
1693,44439,7,2.9,1
1694,13075,7,3.316666667,1
1695,41208,5,2.583333333,0
1696,37055,12,2.9,1
1697,28417,12,4.266666667,0
1698,40011,4,2.8,1
1699,22786,9,3,0
1700,27358,3,3.933333333,0
1701,32663,12,3.383333333,0
1702,21520,3,2.6,1
1703,23290,12,3,1
1704,30547,6,2.85,1
1705,26970,14,3.166666667,0
1706,39487,8,2.566666667,0
1707,22248,6,3.016666667,0
1708,28084,11,3.85,0
1709,28650,9,2.733333333,0
1710,31557,18,3.333333333,1
1711,21527,12,3.083333333,1
1712,18188,4,2.733333333,1
1713,41324,1,3.066666667,0
1714,36036,9,2.933333333,0
1715,21376,19,3.35,0
1716,15273,15,3.633333333,0
1717,19178,4,2.783333333,1
1718,16954,9,3,0
1719,32189,7,2.8,1
1720,41512,8,3.066666667,0
1721,16944,8,2.633333333,1
1722,22198,7,2.8,1
1723,26605,4,2.8,1
1724,,4,2.666666667,1
1725,27381,5,2.75,1
1726,31034,9,2.583333333,1
1727,19020,10,3.3,1
1728,19283,9,2.466666667,1
1729,40525,7,3.283333333,1
1730,30745,5,3.116666667,1
1731,24182,13,2.916666667,1
1732,18812,15,3.916666667,0
1733,28110,10,2.733333333,1
1734,17964,5,2.25,1
1735,30021,11,3.133333333,1
1736,15824,4,2.5,0
1737,20203,9,2.95,1
1738,22162,10,3.083333333,0
1739,34648,7,2.583333333,1
1740,38964,7,2.433333333,0
1741,29771,11,2.95,1
1742,14878,5,2.616666667,1
1743,17176,10,3.5,0
1744,37616,5,2.5,1
1745,44907,9,3.083333333,1
1746,26206,13,2.933333333,0
1747,27754,9,3.133333333,0
1748,24259,9,3.083333333,1
1749,25510,12,3.316666667,0
1750,28196,1,2.283333333,1
1751,47950,18,3.283333333,1
1752,30817,7,3.083333333,1
1753,29086,7,3.15,1
1754,16747,7,2.35,1
1755,21422,19,3.45,0
1756,41596,5,3,0
1757,35823,9,2.733333333,0
1758,28807,4,3.433333333,1
1759,34317,14,3.15,1
1760,25503,7,3,1
1761,31505,15,3,1
1762,25177,9,3.416666667,0
1763,26613,11,3.166666667,0
1764,24668,10,3.65,0
1765,47126,4,3.45,1
1766,37223,11,4.116666667,1
1767,32916,11,3.15,1
1768,23258,8,2.8,1
1769,25365,9,2.633333333,1
1770,40415,8,2.766666667,1
1771,37762,10,3.133333333,1
1772,33170,14,3.416666667,0
1773,32395,10,2.866666667,1
1774,43560,6,3.183333333,0
1775,21588,4,2.433333333,1
1776,27643,11,3.283333333,0
1777,20138,9,3.05,1
1778,21134,6,3.05,0
1779,22269,8,2.916666667,0
1780,46366,6,2.7,1
1781,26458,14,2.983333333,1
1782,31184,13,3.366666667,1
1783,24753,7,2.416666667,1
1784,27258,9,2.916666667,1
1785,38813,6,3,1
1786,37129,7,3.166666667,0
1787,25220,11,3,1
1788,22588,29,3.833333333,0
1789,22890,5,3.233333333,0
1790,20193,10,2.733333333,1
1791,19907,7,3.9,1
1792,24050,4,2.333333333,1
1793,17018,5,2.866666667,1
1794,30554,9,2.75,1
1795,22642,9,3.716666667,1
1796,23612,9,2.833333333,0
1797,10524,9,3.5,1
1798,36426,3,2.483333333,1
1799,20750,22,3.966666667,1
1800,15107,9,3.633333333,1
1801,35053,3,2.916666667,0
1802,33419,5,2.616666667,1
1803,16815,20,3.15,1
1804,18572,6,2.9,0
1805,12767,11,3.233333333,1
1806,32781,10,3.033333333,0
1807,24487,13,3.233333333,0
1808,10637,4,2.6,1
1809,26006,15,3.45,1
1810,20448,21,3.116666667,1
1811,10428,10,2.85,0
1812,34681,5,2.95,0
1813,17664,8,2.8,0
1814,15723,4,2.483333333,0
1815,15556,13,3.183333333,0
1816,35125,20,3.316666667,1
1817,32921,6,2.433333333,1
1818,29764,12,2.933333333,1
1819,21993,7,2.883333333,0
1820,17248,5,2.533333333,1
1821,38339,1,2.566666667,1
1822,34569,6,2.816666667,0
1823,10856,10,2.616666667,0
1824,32018,8,3.05,1
1825,30608,19,3.416666667,0
1826,14514,11,2.6,0
1827,41470,2,2.666666667,1
1828,43926,9,2.9,0
1829,23147,8,2.616666667,1
1830,24798,11,2.9,0
1831,38541,6,2.766666667,1
1832,38898,12,3.2,1
1833,47916,8,4.116666667,0
1834,44613,8,2.783333333,1
1835,19748,3,2.75,0
1836,33748,9,2.85,0
1837,20522,6,2.8,1
1838,42287,6,3.083333333,0
1839,34901,9,3.166666667,1
1840,36624,9,3.066666667,1
1841,42307,11,3.416666667,0
1842,18565,10,3.233333333,0
1843,41575,9,2.833333333,1
1844,50247,10,3.3,0
1845,21458,9,2.65,1
1846,38274,13,3,0
1847,48154,19,3.616666667,1
1848,46950,7,3.133333333,1
1849,20188,14,3.25,1
1850,28309,11,3.5,0
1851,24154,15,2.95,1
1852,42227,10,3.2,0
1853,30293,13,3.766666667,0
1854,31598,15,3.366666667,1
1855,39253,15,3.45,0
1856,21110,15,3.033333333,1
1857,41555,5,2.3,1
1858,33879,9,3.25,1
1859,23927,15,3.35,1
1860,38176,6,2.766666667,0
1861,30781,8,2.533333333,0
1862,46470,12,2.883333333,1
1863,37645,10,3.066666667,0
1864,14697,5,2.6,0
1865,40921,9,2.6,0
1866,22498,5,2.666666667,0
1867,43462,11,3.05,1
1868,20441,14,2.883333333,1
1869,28508,12,2.966666667,1
1870,32901,7,2.7,1
1871,21054,10,3.15,0
1872,38941,8,3.066666667,1
1873,19325,6,3.216666667,1
1874,24935,13,3.316666667,0
1875,39047,9,2.633333333,1
1876,19227,16,2.783333333,1
1877,20696,9,3.083333333,1
1878,38959,12,2.983333333,0
1879,27233,12,2.8,1
1880,44855,4,2.35,1
1881,25618,7,2.966666667,1
1882,31187,13,3.183333333,0
1883,22561,7,3.033333333,0
1884,36430,13,3.15,1
1885,12869,5,4.85,0
1886,33096,11,2.8,1
1887,26125,5,2.783333333,1
1888,44588,15,3.166666667,0
1889,41772,10,2.85,1
1890,17471,11,3.2,1
1891,18415,13,3.383333333,1
1892,35174,6,2.666666667,1
1893,23541,11,3.116666667,0
1894,23709,7,3.35,0
1895,42278,10,3.133333333,1
1896,24783,5,4.233333333,1
1897,26531,4,2.633333333,1
1898,21550,8,2.85,0
1899,36123,11,2.916666667,1
1900,15185,3,3.133333333,0
1901,31264,8,2.55,0
1902,25298,2,2.933333333,0
1903,45008,7,2.8,1
1904,42099,1,2.616666667,1
1905,16370,5,2.666666667,0
1906,34529,9,3.166666667,1
1907,17886,14,3.483333333,0
1908,17969,13,3.183333333,1
1909,42519,1,2.183333333,1
1910,26400,9,3.166666667,1
1911,18323,6,2.666666667,0
1912,,13,3.166666667,1
1913,43829,9,2.733333333,0
1914,41359,1,2.55,1
1915,43100,14,5.783333333,0
1916,23367,5,2.583333333,1
1917,25237,9,2.916666667,0
1918,40173,4,2.983333333,1
1919,33421,4,2.483333333,0
1920,24308,10,2.933333333,0
1921,35035,11,2.6,0
1922,34758,13,3.05,1
1923,24123,9,2.983333333,0
1924,34526,5,2.766666667,1
1925,36021,7,3.383333333,1
1926,45117,8,2.883333333,1
1927,41507,8,3.283333333,1
1928,40221,5,3.65,1
1929,31352,6,3.033333333,0
1930,20196,2,2.933333333,0
1931,26356,6,2.766666667,0
1932,39688,9,3.15,1
1933,30460,8,2.316666667,1
1934,25839,5,3.216666667,1
1935,35040,3,2.683333333,0
1936,32316,9,2.966666667,1
1937,38200,4,2.866666667,0
1938,27631,3,3.083333333,0
1939,37254,10,3.283333333,1
1940,40137,4,3.133333333,0
1941,43301,18,3.766666667,0
1942,41750,9,3.183333333,0
1943,31836,13,3.416666667,1
1944,23428,3,2.55,1
1945,26417,4,2.933333333,0
1946,23074,10,2.933333333,1
1947,17456,5,2.65,0
1948,39494,10,3.2,0
1949,25435,5,3.116666667,0
1950,38781,8,2.966666667,1
1951,21173,9,2.8,0
1952,20096,3,2.183333333,1
1953,35012,9,3.016666667,0
1954,45007,11,3.1,1
1955,29078,9,2.8,0
1956,42618,2,2.9,1
1957,23518,3,2.55,0
1958,18201,4,2.633333333,0
1959,29579,6,2.483333333,1
1960,14323,9,2.516666667,1
1961,30100,8,3.7,0
1962,31212,3,5,0
1963,23739,7,3.1,0
1964,33613,5,2.383333333,1
1965,29035,9,2.95,1
1966,22815,15,4.35,0
1967,14936,8,2.95,0
1968,21167,7,2.983333333,1
1969,32191,6,3.2,0
1970,44006,9,3.2,1
1971,27321,14,2.716666667,0
1972,41109,4,2.733333333,0
1973,24433,6,2.783333333,0
1974,19400,21,3.6,1
1975,18140,4,2.883333333,1
1976,12718,13,2.75,1
1977,36701,2,2.533333333,1
1978,24361,6,2.166666667,1
1979,42514,6,2.2,1
1980,25215,12,2.9,1
1981,27652,9,2.916666667,1
1982,13095,14,3.316666667,1
1983,13481,11,3.9,0
1984,14477,10,2.683333333,0
1985,30913,8,2.783333333,1
1986,26516,15,2.9,0
1987,16905,13,2.916666667,1
1988,28348,8,3.116666667,0
1989,10068,4,2.466666667,1
1990,39583,13,4,0
1991,25925,18,2.8,1
1992,12184,21,3.216666667,1
1993,32718,14,3,1
1994,36786,6,3.05,0
1995,41327,13,3.483333333,1
1996,19545,13,3.083333333,0
1997,40852,3,2.916666667,0
1998,41979,12,3.6,1
1999,26306,5,2.766666667,1
2000,51350,7,3,0
2001,33861,6,4.266666667,1
2002,36901,7,2.533333333,1
2003,13236,6,2.65,0
2004,40814,3,2.916666667,0
2005,35736,19,3.666666667,1
2006,37890,11,3.633333333,0
2007,25007,3,3,0
2008,30019,8,2.916666667,0
2009,28634,10,3.366666667,1
2010,47115,11,3.016666667,1
2011,28158,6,2.6,1
2012,42038,16,3.483333333,0
2013,29535,7,2.75,1
2014,39691,3,2.4,1
2015,28896,15,5.066666667,0
2016,48459,8,2.75,1
2017,36541,5,2.716666667,0
2018,34362,11,3.183333333,1
2019,15428,9,3.133333333,0
2020,40953,10,2.7,1
2021,37430,11,4.216666667,1
2022,32174,12,2.733333333,1
2023,32448,8,3.083333333,0
2024,28232,8,3.316666667,1
2025,40344,5,2.633333333,0
2026,21753,4,3,0
2027,35944,10,2.75,1
2028,17374,3,2.85,0
2029,41765,5,2.216666667,1
2030,34982,12,2.933333333,1
2031,14918,12,3.266666667,1
2032,15643,11,3.233333333,0
2033,19461,6,3.216666667,0
2034,35413,22,3.933333333,0
2035,35695,5,2.633333333,1
2036,29023,11,3.116666667,1
2037,41372,9,4.466666667,1
2038,23000,11,4.016666667,1
2039,31226,10,3.3,0
2040,25094,11,2.9,0
2041,19893,5,2.483333333,1
2042,40970,7,3.066666667,0
2043,24453,8,5.15,1
2044,34890,15,3.316666667,1
2045,14694,9,3.066666667,0
2046,37828,1,2.75,0
2047,34508,11,3.25,0
2048,33283,16,3.283333333,1
2049,13760,6,2.333333333,1
2050,33378,7,3,0
2051,24476,9,3.266666667,0
2052,25804,24,3.366666667,1
2053,41464,4,2.483333333,0
2054,16013,10,2.766666667,1
2055,39128,17,3.116666667,1
2056,21586,8,3.016666667,0
2057,17225,12,3.283333333,0
2058,38858,5,2.866666667,1
2059,23976,4,2.633333333,0
2060,23363,6,3.133333333,0
2061,34680,15,3.216666667,1
2062,32167,18,3.116666667,1
2063,14490,5,2.55,0
2064,30679,9,2.95,0
2065,27153,9,2.95,1
2066,22958,12,3.966666667,0
2067,41256,4,2.866666667,0
2068,41243,9,2.683333333,1
2069,16769,5,3.116666667,1
2070,42186,6,3.133333333,0
2071,20222,8,2.816666667,1
2072,22053,15,3.383333333,0
2073,12103,5,2.616666667,1
2074,35227,21,3.766666667,1
2075,46665,6,3.166666667,0
2076,42441,15,3.45,0
2077,41593,2,2.916666667,0
2078,27461,7,3.5,0
2079,41869,6,2.45,0
2080,19625,11,3.166666667,0
2081,28148,6,2.95,1
2082,35406,11,3.416666667,0
2083,14463,9,2.95,1
2084,22376,9,3.15,0
2085,41233,7,4.9,1
2086,23801,4,2.5,1
2087,43690,14,2.983333333,1
2088,17106,8,3.8,0
2089,41086,4,2.933333333,0
2090,47156,8,2.466666667,0
2091,15110,12,3.283333333,0
2092,22178,6,3.283333333,0
2093,40142,6,3.1,0
2094,42304,7,2.883333333,1
2095,43093,6,2.9,0
2096,41358,10,2.666666667,1
2097,30108,2,3,1
2098,45756,5,3.166666667,1
2099,19983,10,2.816666667,1
2100,25413,9,2.766666667,1
2101,28522,6,2.516666667,0
2102,13587,8,2.733333333,1
2103,28249,6,2.866666667,1
2104,39206,14,2.766666667,1
2105,23054,14,2.9,1
2106,23514,9,3.3,0
2107,41253,7,3.1,0
2108,35468,14,2.55,1
2109,41818,4,2.65,1
2110,41477,24,3.416666667,0
2111,21608,8,2.65,1
2112,16704,4,2.783333333,1
2113,20151,9,3.216666667,0
2114,10350,13,2.9,1
2115,13088,14,2.783333333,1
2116,37564,7,3.083333333,1
2117,20126,10,3.95,0
2118,19598,1,2.833333333,1
2119,25229,7,2.533333333,1
2120,13226,13,3.35,1
2121,40725,9,3.05,1
2122,20034,2,2.6,0
2123,28782,8,3.416666667,0
2124,16238,17,3.166666667,0
2125,31783,8,2.466666667,1
2126,21907,10,3.466666667,0
2127,17043,7,2.8,1
2128,38610,15,2.883333333,0
2129,20847,20,3.383333333,1
2130,8766,4,2.316666667,1
2131,21333,11,2.7,1
2132,14383,7,2.766666667,0
2133,15998,7,3.266666667,0
2134,24437,4,3.416666667,1
2135,14116,15,3.183333333,0
2136,20394,9,2.766666667,1
2137,22195,8,2.516666667,0
2138,12584,10,2.633333333,0
2139,27356,3,2.633333333,0
2140,28180,9,2.683333333,1
2141,16323,11,3.183333333,1
2142,33729,13,3.083333333,1
2143,21153,10,3.016666667,1
2144,11022,10,3.2,1
2145,14309,4,3.083333333,0
2146,15025,5,2.883333333,1
2147,16083,5,2.716666667,1
2148,25323,3,2.733333333,0
2149,40438,13,3.016666667,1
2150,19013,3,3.016666667,1
2151,18376,9,3.3,0
2152,10535,7,2.75,0
2153,23847,5,2.516666667,1
2154,21352,13,3.5,1
2155,32394,2,3.15,0
2156,18243,8,3.133333333,0
2157,13829,15,3.283333333,0
2158,39401,15,3.55,0
2159,28803,8,3.116666667,0
2160,25458,9,3.383333333,0
2161,41571,9,2.916666667,1
2162,14948,7,2.866666667,1
2163,42723,7,3.033333333,0
2164,43444,6,2.466666667,1
2165,34810,6,3.283333333,1
2166,23636,7,3.05,1
2167,23084,2,2.45,1
2168,44466,11,3.15,1
2169,31109,5,2.85,0
2170,28193,12,3.4,0
2171,45740,7,3.1,0
2172,37901,8,3.5,1
2173,29152,15,3.7,0
2174,32987,7,3.266666667,0
2175,29589,6,2.583333333,1
2176,13679,7,2.716666667,0
2177,45246,9,2.766666667,0
2178,38684,1,2.816666667,1
2179,29938,5,2.683333333,1
2180,18677,7,3.333333333,1
2181,20159,11,3.216666667,1
2182,39764,14,3.283333333,1
2183,23049,11,3.15,0
2184,23215,9,3.033333333,0
2185,49686,6,3.016666667,0
2186,34007,7,2.633333333,1
2187,37115,6,2.833333333,1
2188,19912,9,2.5,1
2189,23004,9,3.35,0
2190,22112,3,2.983333333,0
2191,44009,8,2.85,0
2192,26200,10,3.066666667,1
2193,32734,9,3.75,1
2194,32232,8,3.366666667,0
2195,14568,12,3.166666667,1
2196,18933,3,2.416666667,1
2197,24186,3,2.983333333,0
2198,28759,4,2.866666667,0
2199,35477,5,2.733333333,1
2200,11850,4,2.716666667,0
2201,14173,11,3.383333333,0
2202,31481,7,2.9,1
2203,17746,11,3.533333333,0
2204,38909,2,3.05,0
2205,22636,13,3.383333333,1
2206,21354,17,4.966666667,0
2207,33380,13,3.033333333,1
2208,18339,15,3.533333333,0
2209,35142,6,2.85,1
2210,25097,7,3.416666667,0
2211,23726,11,2.583333333,0
2212,26163,11,2.316666667,1
2213,10988,4,2.733333333,1
2214,41413,1,2.466666667,1
2215,13821,12,3.033333333,1
2216,26978,7,2.966666667,1
2217,17493,11,2.866666667,1
2218,41102,9,3.033333333,0
2219,22256,6,2.633333333,0
2220,20227,13,3.316666667,0
2221,35861,7,3.15,1
2222,23487,15,2.866666667,0
2223,19074,10,2.783333333,0
2224,34428,13,3.033333333,1
2225,31061,7,2.983333333,1
2226,35397,11,5.933333333,1
2227,46300,9,2.733333333,1
2228,41509,9,3.233333333,0
2229,37395,13,3.583333333,0
2230,40981,9,2.833333333,0
2231,28131,13,2.816666667,1
2232,34748,7,2.7,1
2233,32416,12,5.05,0
2234,31947,9,3.333333333,0
2235,35962,22,4.033333333,0
2236,36220,9,3.133333333,0
2237,26058,5,2.866666667,1
2238,32085,5,2.933333333,0
2239,27573,22,5.416666667,0
2240,37754,13,2.716666667,0
2241,35974,2,2.65,1
2242,46334,12,2.633333333,1
2243,41886,9,2.766666667,1
2244,31688,13,3.1,0
2245,40714,5,2.916666667,1
2246,34813,16,4,0
2247,39900,11,3.066666667,0
2248,40232,11,3.466666667,1
2249,31163,11,2.683333333,0
2250,42179,5,3.15,0
2251,41660,18,3.316666667,1
2252,20182,7,3.95,1
2253,35230,10,3,0
2254,32935,8,2.966666667,1
2255,41058,6,2.75,1
2256,27684,12,2.85,1
2257,34251,13,3.35,0
2258,41760,9,3.15,1
2259,30074,5,2.583333333,1
2260,31843,9,3.033333333,1
2261,23439,7,2.8,0
2262,29546,6,2.516666667,1
2263,26672,8,3.466666667,0
2264,25086,3,2.766666667,0
2265,37153,12,3.45,1
2266,25940,9,3.05,0
2267,15486,5,2.683333333,1
2268,21173,9,3.35,0
2269,27829,15,3.2,0
2270,40755,7,3.383333333,0
2271,25886,11,2.7,1
2272,41052,8,3.166666667,0
2273,20387,12,3.25,0
2274,33818,10,3.3,0
2275,30107,9,3.3,0
2276,17395,6,2.633333333,1
2277,30763,4,2.866666667,1
2278,11525,17,3.933333333,0
2279,11418,5,2.8,0
2280,37954,20,4.266666667,0
2281,17644,5,3.15,1
2282,18431,3,3.466666667,0
2283,25821,3,3.166666667,1
2284,43093,8,2.666666667,1
2285,41497,3,2.9,0
2286,20681,10,2.983333333,1
2287,20057,9,4.05,1
2288,37396,7,2.95,0
2289,21087,15,3.366666667,1
2290,16961,4,2.55,0
2291,28928,5,3.133333333,0
2292,9890,3,2.8,0
2293,12979,11,2.916666667,1
2294,12785,3,2.983333333,1
2295,31689,10,3.033333333,1
2296,15404,7,3.366666667,1
2297,16087,8,3.9,0
2298,24181,12,3.366666667,1
2299,43841,3,3.333333333,0
2300,41218,3,3.133333333,0
2301,19449,9,4.016666667,1
2302,22417,12,3.05,0
2303,31952,5,3.5,0
2304,17597,11,3.383333333,0
2305,16529,7,2.633333333,0
2306,26889,14,3.133333333,1
2307,9393,5,2.933333333,1
2308,13240,7,2.866666667,1
2309,12093,5,2.766666667,1
2310,32061,3,3.416666667,0
2311,30520,10,2.616666667,0
2312,31124,12,3.516666667,1
2313,37378,5,3.4,1
2314,29668,5,2.616666667,1
2315,43856,7,2.566666667,1
2316,25932,5,4.033333333,1
2317,24780,11,3.483333333,0
2318,48911,4,2.7,1
2319,30657,9,3.216666667,1
2320,17621,6,2.533333333,0
2321,41678,2,2.633333333,0
2322,37217,8,3.15,0
2323,39493,12,2.8,1
2324,30451,9,2.866666667,1
2325,44425,17,3.2,0
2326,34051,8,5.416666667,1
2327,34957,5,2.866666667,1
2328,30320,9,2.616666667,0
2329,25564,8,3.033333333,1
2330,38574,5,3.35,0
2331,27464,10,2.916666667,1
2332,33123,10,2.916666667,0
2333,53409,7,3.533333333,0
2334,30013,8,3.283333333,0
2335,20165,12,2.9,1
2336,41702,8,2.65,1
2337,36267,6,2.716666667,1
2338,32628,16,2.783333333,0
2339,16801,1,2.383333333,0
2340,44997,17,2.516666667,1
2341,28955,5,3.133333333,0
2342,24280,12,3.5,0
2343,22624,10,3.183333333,0
2344,19451,6,3.25,0
2345,35531,8,3.3,0
2346,22461,9,3.483333333,1
2347,18071,9,3.083333333,0
2348,53449,10,2.75,1
2349,30092,1,2.566666667,1
2350,15365,11,3.616666667,0
2351,34437,7,2.983333333,0
2352,31415,8,3.033333333,1
2353,21144,8,2.483333333,1
2354,36238,6,2.366666667,1
2355,22820,9,2.783333333,1
2356,10715,6,3.333333333,0
2357,40168,7,2.483333333,1
2358,18751,11,3.333333333,0
2359,18079,3,2.45,1
2360,19736,4,3,0
2361,40879,7,2.6,1
2362,10117,5,2.533333333,0
2363,40994,10,2.816666667,0
2364,15075,6,3.333333333,1
2365,21175,10,3.2,0
2366,17638,3,2.6,1
2367,11216,6,3.05,0
2368,22113,3,2.883333333,1
2369,21008,3,2.85,0
2370,44244,4,3.2,1
2371,24109,6,3.05,0
2372,21891,16,3.116666667,1
2373,36496,11,3.05,1
2374,31011,6,3.216666667,1
2375,18378,3,2.783333333,1
2376,28819,5,3.05,0
2377,10283,6,2.566666667,1
2378,13376,8,2.583333333,0
2379,21043,3,2.966666667,1
2380,13492,9,2.683333333,0
2381,28923,3,3.283333333,0
2382,53279,6,3,0
2383,21027,5,3.283333333,0
2384,26489,10,3.266666667,1
2385,20814,9,2.733333333,0
2386,31114,14,3.383333333,0
2387,18119,10,3.083333333,1
2388,47608,11,3,1
2389,37160,16,3.433333333,0
2390,24593,6,2.866666667,1
2391,46158,3,2.45,1
2392,41656,15,3.116666667,1
2393,30834,3,3.05,0
2394,37233,7,2.95,0
2395,28441,5,3.133333333,1
2396,35317,7,3.383333333,1
2397,27587,9,2.633333333,1
2398,27207,3,3.066666667,1
2399,23101,8,2.883333333,1
2400,23214,19,3.916666667,0
2401,33258,10,3.35,0
2402,35097,4,2.716666667,1
2403,47138,12,2.8,0
2404,41224,5,3.366666667,0
2405,36424,7,2.9,0
2406,37083,1,2.733333333,0
2407,28127,10,3.166666667,0
2408,31001,7,3.066666667,1
2409,32419,12,3.333333333,0
2410,35177,19,3.4,0
2411,22799,6,3,1
2412,20192,10,2.716666667,1
2413,33471,14,3.5,0
2414,32185,6,2.766666667,0
2415,38106,5,2.883333333,0
2416,48871,15,3.4,0
2417,41742,5,2.966666667,1
2418,47065,5,2.916666667,0
2419,44099,9,3.15,1
2420,30100,10,3.133333333,1
2421,27166,7,3.233333333,1
2422,45049,4,2.733333333,1
2423,49360,19,3.8,0
2424,17194,11,3.4,0
2425,38019,8,2.75,0
2426,17304,7,2.766666667,1
2427,24824,11,3,0
2428,27539,5,2.8,1
2429,35207,10,3.5,0
2430,41650,10,3.533333333,0
2431,41940,18,3.116666667,1
2432,12577,7,3.1,0
2433,30003,13,3,1
2434,10784,16,3.066666667,1
2435,11142,6,2.533333333,1
2436,24656,20,3.483333333,0
2437,39089,7,3.183333333,1
2438,26945,14,2.933333333,0
2439,14257,8,2.783333333,1
2440,30054,7,2.95,0
2441,14890,6,3.133333333,1
2442,16468,3,2.9,1
2443,37493,22,3.75,1
2444,39782,2,2.85,0
2445,34493,8,3.216666667,0
2446,21830,17,3.233333333,1
2447,37042,7,2.566666667,0
2448,49289,5,2.633333333,1
2449,15116,8,2.966666667,0
2450,44317,15,3.166666667,0
2451,35067,7,2.933333333,0
2452,44318,15,3.583333333,0
2453,43683,8,2.933333333,1
2454,45785,5,2.8,1
2455,48282,7,3.383333333,0
2456,48165,15,4.183333333,0
2457,44020,9,3.133333333,0
2458,31042,8,2.85,0
2459,39500,5,3.033333333,1
2460,20098,7,3.316666667,1
2461,17883,10,3.366666667,0
2462,10298,13,3.483333333,1